test_date,county,new_positives,cumulative_number_of_positives,total_number_of_tests,cumulative_number_of_tests,test_positive,geography
2022-10-06T00:00:00.000,Albany,71,73325,535,1377773,12.16%,COUNTY
2022-10-06T00:00:00.000,Allegany,8,10208,59,245125,12.96%,COUNTY
2022-10-06T00:00:00.000,Bronx,224,466374,5148,8639243,4.31%,COUNTY
2022-10-06T00:00:00.000,Broome,40,54548,586,1158607,6.91%,COUNTY
2022-10-06T00:00:00.000,Capital Region,258,265538,2406,5154033,11.35%,REGION
2022-10-06T00:00:00.000,Cattaraugus,10,18193,82,301842,13.16%,COUNTY
2022-10-06T00:00:00.000,Cayuga,22,19129,242,386774,11.11%,COUNTY
2022-10-06T00:00:00.000,Central New York,239,214515,2512,4323753,9.06%,REGION
2022-10-06T00:00:00.000,Chautauqua,31,27724,144,522678,16.03%,COUNTY
2022-10-06T00:00:00.000,Chemung,26,24911,302,470265,8.49%,COUNTY
2022-10-06T00:00:00.000,Chenango,5,11075,155,232217,3.26%,COUNTY
2022-10-06T00:00:00.000,Clinton,28,20864,170,398672,18.85%,COUNTY
2022-10-06T00:00:00.000,Columbia,17,12727,123,249843,15.53%,COUNTY
2022-10-06T00:00:00.000,Cortland,9,12566,143,301560,6.34%,COUNTY
2022-10-06T00:00:00.000,Delaware,8,9441,88,195891,8.33%,COUNTY
2022-10-06T00:00:00.000,Dutchess,62,77614,664,1455661,10.60%,COUNTY
2022-10-06T00:00:00.000,Erie,180,253253,1860,4161555,10.28%,COUNTY
2022-10-06T00:00:00.000,Essex,8,7098,80,161904,9.52%,COUNTY
2022-10-06T00:00:00.000,Finger Lakes,236,284370,2963,5503749,8.35%,REGION
2022-10-06T00:00:00.000,Franklin,11,11351,90,213187,13.25%,COUNTY
2022-10-06T00:00:00.000,Fulton,33,15497,153,224689,26.55%,COUNTY
2022-10-06T00:00:00.000,Genesee,15,15628,196,268412,6.84%,COUNTY
2022-10-06T00:00:00.000,Greene,4,10174,68,178688,6.25%,COUNTY
2022-10-06T00:00:00.000,Hamilton,0,1016,7,19882,0.00%,COUNTY
2022-10-06T00:00:00.000,Herkimer,14,16451,165,318330,9.59%,COUNTY
2022-10-06T00:00:00.000,Jefferson,31,24780,322,395770,8.98%,COUNTY
2022-10-06T00:00:00.000,Kings,401,835607,8996,18241419,4.02%,COUNTY
2022-10-06T00:00:00.000,Lewis,5,6939,37,102200,6.45%,COUNTY
2022-10-06T00:00:00.000,Livingston,11,13520,131,280316,7.94%,COUNTY
2022-10-06T00:00:00.000,Long Island,697,1017236,9046,16492672,6.43%,REGION
2022-10-06T00:00:00.000,Madison,30,15799,183,365765,12.50%,COUNTY
2022-10-06T00:00:00.000,Mid-Hudson,510,712093,7111,13100924,6.98%,REGION
2022-10-06T00:00:00.000,Mohawk Valley,159,129389,1490,2686501,13.99%,REGION
2022-10-06T00:00:00.000,Monroe,137,179935,1811,3577124,8.47%,COUNTY
2022-10-06T00:00:00.000,Montgomery,10,14114,75,219169,16.67%,COUNTY
2022-10-06T00:00:00.000,Nassau,325,499938,4246,8199394,6.83%,COUNTY
2022-10-06T00:00:00.000,New York,289,535287,7028,14144167,3.78%,COUNTY
2022-10-06T00:00:00.000,New York City,1548,2820500,31986,59022554,4.38%,REGION
2022-10-06T00:00:00.000,Niagara,30,56276,389,890477,8.27%,COUNTY
2022-10-06T00:00:00.000,North Country,116,96961,947,1903434,12.50%,REGION
2022-10-06T00:00:00.000,Oneida,83,64808,876,1499245,13.84%,COUNTY
2022-10-06T00:00:00.000,Onondaga,130,134735,1593,2749857,7.61%,COUNTY
2022-10-06T00:00:00.000,Ontario,22,24227,292,469400,7.55%,COUNTY
2022-10-06T00:00:00.000,Orange,101,127473,1345,1903832,7.91%,COUNTY
2022-10-06T00:00:00.000,Orleans,7,9938,86,155168,7.50%,COUNTY
2022-10-06T00:00:00.000,Oswego,48,32286,351,519797,14.07%,COUNTY
2022-10-06T00:00:00.000,Otsego,14,12411,156,306266,8.67%,COUNTY
2022-10-06T00:00:00.000,Putnam,20,28875,241,478756,8.97%,COUNTY
2022-10-06T00:00:00.000,Queens,494,787651,8761,14386172,4.74%,COUNTY
2022-10-06T00:00:00.000,Rensselaer,31,39030,263,860976,11.95%,COUNTY
2022-10-06T00:00:00.000,Richmond,140,195581,2053,3611553,6.37%,COUNTY
2022-10-06T00:00:00.000,Rockland,57,109388,1102,2308179,4.20%,COUNTY
2022-10-06T00:00:00.000,STATEWIDE,4152,6071907,62761,120210799,6.30%,STATEWIDE
2022-10-06T00:00:00.000,Saratoga,57,57497,516,1055598,11.85%,COUNTY
2022-10-06T00:00:00.000,Schenectady,36,40780,375,820520,9.84%,COUNTY
2022-10-06T00:00:00.000,Schoharie,5,6108,65,118802,7.81%,COUNTY
2022-10-06T00:00:00.000,Schuyler,6,4104,84,97045,7.50%,COUNTY
2022-10-06T00:00:00.000,Seneca,10,7079,81,136001,10.81%,COUNTY
2022-10-06T00:00:00.000,Southern Tier,130,165651,1766,5901502,7.20%,REGION
2022-10-06T00:00:00.000,St. Lawrence,33,24913,241,611819,14.48%,COUNTY
2022-10-06T00:00:00.000,Steuben,21,23686,223,467581,7.62%,COUNTY
2022-10-06T00:00:00.000,Suffolk,372,517298,4800,8293278,6.06%,COUNTY
2022-10-06T00:00:00.000,Sullivan,30,22410,247,365454,12.92%,COUNTY
2022-10-06T00:00:00.000,Tioga,13,13085,135,228522,9.23%,COUNTY
2022-10-06T00:00:00.000,Tompkins,11,24801,193,3051374,5.76%,COUNTY
2022-10-06T00:00:00.000,Ulster,44,39450,347,850804,12.66%,COUNTY
2022-10-06T00:00:00.000,Warren,24,17362,306,329868,9.24%,COUNTY
2022-10-06T00:00:00.000,Washington,18,14643,220,280767,11.76%,COUNTY
2022-10-06T00:00:00.000,Wayne,19,20438,230,372829,8.42%,COUNTY
2022-10-06T00:00:00.000,Westchester,196,306883,3165,5738238,5.63%,COUNTY
2022-10-06T00:00:00.000,Western New York,259,365654,2534,6121677,10.58%,REGION
2022-10-06T00:00:00.000,Wyoming,6,9444,61,155300,8.77%,COUNTY
2022-10-06T00:00:00.000,Yates,9,4161,75,89199,13.64%,COUNTY
2022-10-05T00:00:00.000,Albany,74,73254,872,1377238,7.62%,COUNTY
2022-10-05T00:00:00.000,Allegany,4,10200,109,245066,5.45%,COUNTY
2022-10-05T00:00:00.000,Bronx,278,466150,4738,8634095,5.32%,COUNTY
2022-10-05T00:00:00.000,Broome,66,54508,525,1158021,12.37%,COUNTY
2022-10-05T00:00:00.000,Capital Region,288,265280,3550,5151627,8.22%,REGION
2022-10-05T00:00:00.000,Cattaraugus,10,18183,125,301760,8.93%,COUNTY
2022-10-05T00:00:00.000,Cayuga,23,19107,258,386532,10.95%,COUNTY
2022-10-05T00:00:00.000,Central New York,268,214276,2372,4321241,11.83%,REGION
2022-10-05T00:00:00.000,Chautauqua,23,27693,164,522534,7.89%,COUNTY
2022-10-05T00:00:00.000,Chemung,33,24885,257,469963,13.95%,COUNTY
2022-10-05T00:00:00.000,Chenango,11,11070,125,232062,8.55%,COUNTY
2022-10-05T00:00:00.000,Clinton,29,20836,159,398502,18.46%,COUNTY
2022-10-05T00:00:00.000,Columbia,11,12710,125,249720,9.02%,COUNTY
2022-10-05T00:00:00.000,Cortland,13,12557,143,301417,9.35%,COUNTY
2022-10-05T00:00:00.000,Delaware,4,9433,117,195803,3.70%,COUNTY
2022-10-05T00:00:00.000,Dutchess,60,77552,677,1454997,8.78%,COUNTY
2022-10-05T00:00:00.000,Erie,265,253073,2287,4159695,11.11%,COUNTY
2022-10-05T00:00:00.000,Essex,10,7090,88,161824,6.78%,COUNTY
2022-10-05T00:00:00.000,Finger Lakes,226,284134,3073,5500786,7.58%,REGION
2022-10-05T00:00:00.000,Franklin,15,11340,188,213097,7.87%,COUNTY
2022-10-05T00:00:00.000,Fulton,22,15464,168,224536,13.85%,COUNTY
2022-10-05T00:00:00.000,Genesee,17,15613,249,268216,6.58%,COUNTY
2022-10-05T00:00:00.000,Greene,7,10170,104,178620,6.86%,COUNTY
2022-10-05T00:00:00.000,Hamilton,2,1016,13,19875,20.00%,COUNTY
2022-10-05T00:00:00.000,Herkimer,16,16437,148,318165,8.42%,COUNTY
2022-10-05T00:00:00.000,Jefferson,35,24749,310,395448,7.41%,COUNTY
2022-10-05T00:00:00.000,Kings,443,835206,8906,18232423,4.76%,COUNTY
2022-10-05T00:00:00.000,Lewis,5,6934,52,102163,4.55%,COUNTY
2022-10-05T00:00:00.000,Livingston,10,13509,124,280185,8.77%,COUNTY
2022-10-05T00:00:00.000,Long Island,804,1016539,9817,16483626,7.31%,REGION
2022-10-05T00:00:00.000,Madison,22,15769,202,365582,12.77%,COUNTY
2022-10-05T00:00:00.000,Mid-Hudson,563,711583,7648,13093813,6.89%,REGION
2022-10-05T00:00:00.000,Mohawk Valley,144,129230,1358,2685011,10.95%,REGION
2022-10-05T00:00:00.000,Monroe,134,179798,1824,3575313,7.51%,COUNTY
2022-10-05T00:00:00.000,Montgomery,16,14104,93,219094,13.79%,COUNTY
2022-10-05T00:00:00.000,Nassau,370,499613,4698,8195148,7.34%,COUNTY
2022-10-05T00:00:00.000,New York,323,534998,7212,14137139,4.47%,COUNTY
2022-10-05T00:00:00.000,New York City,1790,2818952,31222,58990568,5.34%,REGION
2022-10-05T00:00:00.000,Niagara,53,56246,396,890088,15.53%,COUNTY
2022-10-05T00:00:00.000,North Country,112,96845,1005,1902487,9.09%,REGION
2022-10-05T00:00:00.000,Oneida,71,64725,742,1498369,11.56%,COUNTY
2022-10-05T00:00:00.000,Onondaga,159,134605,1386,2748264,11.70%,COUNTY
2022-10-05T00:00:00.000,Ontario,25,24205,287,469108,9.13%,COUNTY
2022-10-05T00:00:00.000,Orange,102,127372,1415,1902487,6.91%,COUNTY
2022-10-05T00:00:00.000,Orleans,6,9931,82,155082,8.33%,COUNTY
2022-10-05T00:00:00.000,Oswego,51,32238,383,519446,13.35%,COUNTY
2022-10-05T00:00:00.000,Otsego,11,12397,143,306110,5.88%,COUNTY
2022-10-05T00:00:00.000,Putnam,23,28855,300,478515,8.07%,COUNTY
2022-10-05T00:00:00.000,Queens,593,787157,8823,14377411,6.06%,COUNTY
2022-10-05T00:00:00.000,Rensselaer,31,38999,705,860713,4.51%,COUNTY
2022-10-05T00:00:00.000,Richmond,153,195441,1543,3609500,8.39%,COUNTY
2022-10-05T00:00:00.000,Rockland,78,109331,941,2307077,7.10%,COUNTY
2022-10-05T00:00:00.000,STATEWIDE,4720,6067755,64790,120148038,6.98%,STATEWIDE
2022-10-05T00:00:00.000,Saratoga,63,57440,643,1055082,9.14%,COUNTY
2022-10-05T00:00:00.000,Schenectady,57,40744,599,820145,14.25%,COUNTY
2022-10-05T00:00:00.000,Schoharie,8,6103,64,118737,11.48%,COUNTY
2022-10-05T00:00:00.000,Schuyler,1,4098,84,96961,1.20%,COUNTY
2022-10-05T00:00:00.000,Seneca,9,7069,79,135920,11.39%,COUNTY
2022-10-05T00:00:00.000,Southern Tier,170,165521,1664,5899736,10.29%,REGION
2022-10-05T00:00:00.000,St. Lawrence,16,24880,195,611578,7.19%,COUNTY
2022-10-05T00:00:00.000,Steuben,20,23665,169,467358,11.95%,COUNTY
2022-10-05T00:00:00.000,Suffolk,434,516926,5119,8288478,7.29%,COUNTY
2022-10-05T00:00:00.000,Sullivan,20,22380,230,365207,8.42%,COUNTY
2022-10-05T00:00:00.000,Tioga,14,13072,164,228387,8.75%,COUNTY
2022-10-05T00:00:00.000,Tompkins,21,24790,223,3051181,9.55%,COUNTY
2022-10-05T00:00:00.000,Ulster,47,39406,507,850457,7.83%,COUNTY
2022-10-05T00:00:00.000,Warren,20,17338,283,329562,6.15%,COUNTY
2022-10-05T00:00:00.000,Washington,25,14625,219,280547,12.33%,COUNTY
2022-10-05T00:00:00.000,Wayne,16,20419,210,372599,7.43%,COUNTY
2022-10-05T00:00:00.000,Westchester,233,306687,3578,5735073,6.10%,COUNTY
2022-10-05T00:00:00.000,Western New York,355,365395,3081,6119143,11.26%,REGION
2022-10-05T00:00:00.000,Wyoming,3,9438,121,155239,3.66%,COUNTY
2022-10-05T00:00:00.000,Yates,6,4152,97,89124,5.43%,COUNTY
2022-10-04T00:00:00.000,Albany,106,73180,639,1376366,14.92%,COUNTY
2022-10-04T00:00:00.000,Allegany,5,10196,121,244957,4.30%,COUNTY
2022-10-04T00:00:00.000,Bronx,230,465872,4032,8629357,5.88%,COUNTY
2022-10-04T00:00:00.000,Broome,60,54442,1179,1157496,5.13%,COUNTY
2022-10-04T00:00:00.000,Capital Region,257,264992,2385,5148077,10.36%,REGION
2022-10-04T00:00:00.000,Cattaraugus,28,18173,138,301635,22.22%,COUNTY
2022-10-04T00:00:00.000,Cayuga,24,19084,210,386274,12.26%,COUNTY
2022-10-04T00:00:00.000,Central New York,279,214008,2271,4318869,12.69%,REGION
2022-10-04T00:00:00.000,Chautauqua,22,27670,144,522370,11.68%,COUNTY
2022-10-04T00:00:00.000,Chemung,21,24852,269,469706,9.50%,COUNTY
2022-10-04T00:00:00.000,Chenango,11,11059,155,231937,8.66%,COUNTY
2022-10-04T00:00:00.000,Clinton,27,20807,144,398343,21.01%,COUNTY
2022-10-04T00:00:00.000,Columbia,9,12699,107,249595,6.00%,COUNTY
2022-10-04T00:00:00.000,Cortland,20,12544,201,301274,10.00%,COUNTY
2022-10-04T00:00:00.000,Delaware,10,9429,137,195686,8.26%,COUNTY
2022-10-04T00:00:00.000,Dutchess,79,77492,870,1454320,9.74%,COUNTY
2022-10-04T00:00:00.000,Erie,198,252808,1841,4157408,11.10%,COUNTY
2022-10-04T00:00:00.000,Essex,8,7080,146,161736,11.11%,COUNTY
2022-10-04T00:00:00.000,Finger Lakes,263,283908,3087,5497713,8.58%,REGION
2022-10-04T00:00:00.000,Franklin,9,11325,108,212909,10.96%,COUNTY
2022-10-04T00:00:00.000,Fulton,33,15442,273,224368,7.34%,COUNTY
2022-10-04T00:00:00.000,Genesee,20,15596,178,267967,11.24%,COUNTY
2022-10-04T00:00:00.000,Greene,7,10163,76,178516,9.59%,COUNTY
2022-10-04T00:00:00.000,Hamilton,0,1014,7,19862,0.00%,COUNTY
2022-10-04T00:00:00.000,Herkimer,22,16421,329,318017,8.70%,COUNTY
2022-10-04T00:00:00.000,Jefferson,24,24714,292,395138,5.56%,COUNTY
2022-10-04T00:00:00.000,Kings,449,834763,8478,18223517,5.07%,COUNTY
2022-10-04T00:00:00.000,Lewis,6,6929,58,102111,4.44%,COUNTY
2022-10-04T00:00:00.000,Livingston,10,13499,149,280061,7.14%,COUNTY
2022-10-04T00:00:00.000,Long Island,716,1015735,8690,16473809,6.81%,REGION
2022-10-04T00:00:00.000,Madison,21,15747,167,365380,11.81%,COUNTY
2022-10-04T00:00:00.000,Mid-Hudson,551,711020,6979,13086165,7.56%,REGION
2022-10-04T00:00:00.000,Mohawk Valley,178,129086,2039,2683653,10.19%,REGION
2022-10-04T00:00:00.000,Monroe,141,179664,1819,3573489,8.01%,COUNTY
2022-10-04T00:00:00.000,Montgomery,17,14088,93,219001,19.40%,COUNTY
2022-10-04T00:00:00.000,Nassau,308,499243,3971,8190450,7.02%,COUNTY
2022-10-04T00:00:00.000,New York,356,534675,6221,14129927,5.80%,COUNTY
2022-10-04T00:00:00.000,New York City,1648,2817162,27273,58959346,5.87%,REGION
2022-10-04T00:00:00.000,Niagara,38,56193,360,889692,12.65%,COUNTY
2022-10-04T00:00:00.000,North Country,99,96733,991,1901482,10.29%,REGION
2022-10-04T00:00:00.000,Oneida,83,64654,1016,1497627,10.75%,COUNTY
2022-10-04T00:00:00.000,Onondaga,156,134446,1339,2746878,12.13%,COUNTY
2022-10-04T00:00:00.000,Ontario,29,24180,348,468821,8.36%,COUNTY
2022-10-04T00:00:00.000,Orange,123,127270,1416,1901072,8.50%,COUNTY
2022-10-04T00:00:00.000,Orleans,11,9925,76,155000,15.71%,COUNTY
2022-10-04T00:00:00.000,Oswego,58,32187,354,519063,16.88%,COUNTY
2022-10-04T00:00:00.000,Otsego,12,12386,241,305967,8.33%,COUNTY
2022-10-04T00:00:00.000,Putnam,27,28832,298,478215,9.56%,COUNTY
2022-10-04T00:00:00.000,Queens,478,786564,6821,14368588,6.56%,COUNTY
2022-10-04T00:00:00.000,Rensselaer,28,38968,341,860008,8.63%,COUNTY
2022-10-04T00:00:00.000,Richmond,135,195288,1721,3607957,7.42%,COUNTY
2022-10-04T00:00:00.000,Rockland,63,109253,807,2306136,5.68%,COUNTY
2022-10-04T00:00:00.000,STATEWIDE,4451,6063035,58923,120083248,7.30%,STATEWIDE
2022-10-04T00:00:00.000,Saratoga,45,57377,432,1054439,10.23%,COUNTY
2022-10-04T00:00:00.000,Schenectady,23,40687,350,819546,5.90%,COUNTY
2022-10-04T00:00:00.000,Schoharie,11,6095,87,118673,10.39%,COUNTY
2022-10-04T00:00:00.000,Schuyler,2,4097,64,96877,3.33%,COUNTY
2022-10-04T00:00:00.000,Seneca,8,7060,77,135841,9.59%,COUNTY
2022-10-04T00:00:00.000,Southern Tier,169,165351,2604,5898072,6.81%,REGION
2022-10-04T00:00:00.000,St. Lawrence,25,24864,236,611383,10.18%,COUNTY
2022-10-04T00:00:00.000,Steuben,24,23645,330,467189,7.86%,COUNTY
2022-10-04T00:00:00.000,Suffolk,408,516492,4719,8283359,6.64%,COUNTY
2022-10-04T00:00:00.000,Sullivan,27,22360,342,364977,6.16%,COUNTY
2022-10-04T00:00:00.000,Tioga,14,13058,203,228223,7.11%,COUNTY
2022-10-04T00:00:00.000,Tompkins,27,24769,267,3050958,9.81%,COUNTY
2022-10-04T00:00:00.000,Ulster,32,39359,432,849950,7.01%,COUNTY
2022-10-04T00:00:00.000,Warren,21,17318,214,329279,7.02%,COUNTY
2022-10-04T00:00:00.000,Washington,18,14600,226,280328,13.08%,COUNTY
2022-10-04T00:00:00.000,Wayne,18,20403,260,372389,7.00%,COUNTY
2022-10-04T00:00:00.000,Westchester,200,306454,2814,5731495,6.78%,COUNTY
2022-10-04T00:00:00.000,Western New York,291,365040,2604,6116062,11.65%,REGION
2022-10-04T00:00:00.000,Wyoming,17,9435,113,155118,10.00%,COUNTY
2022-10-04T00:00:00.000,Yates,9,4146,67,89027,14.06%,COUNTY
2022-10-03T00:00:00.000,Albany,43,73074,330,1375727,12.21%,COUNTY
2022-10-03T00:00:00.000,Allegany,3,10191,29,244836,9.09%,COUNTY
2022-10-03T00:00:00.000,Bronx,204,465642,2913,8625325,6.05%,COUNTY
2022-10-03T00:00:00.000,Broome,35,54382,328,1156317,10.42%,COUNTY
2022-10-03T00:00:00.000,Capital Region,177,264735,1287,5145692,13.93%,REGION
2022-10-03T00:00:00.000,Cattaraugus,6,18145,80,301497,8.00%,COUNTY
2022-10-03T00:00:00.000,Cayuga,16,19060,142,386064,14.29%,COUNTY
2022-10-03T00:00:00.000,Central New York,143,213729,1121,4316598,13.06%,REGION
2022-10-03T00:00:00.000,Chautauqua,25,27648,120,522226,17.43%,COUNTY
2022-10-03T00:00:00.000,Chemung,14,24831,127,469437,12.87%,COUNTY
2022-10-03T00:00:00.000,Chenango,5,11048,118,231782,7.32%,COUNTY
2022-10-03T00:00:00.000,Clinton,18,20780,103,398199,10.47%,COUNTY
2022-10-03T00:00:00.000,Columbia,5,12690,54,249488,8.51%,COUNTY
2022-10-03T00:00:00.000,Cortland,7,12524,74,301073,9.46%,COUNTY
2022-10-03T00:00:00.000,Delaware,4,9419,158,195549,2.70%,COUNTY
2022-10-03T00:00:00.000,Dutchess,35,77413,441,1453450,9.78%,COUNTY
2022-10-03T00:00:00.000,Erie,132,252610,1490,4155567,8.38%,COUNTY
2022-10-03T00:00:00.000,Essex,2,7072,36,161590,2.94%,COUNTY
2022-10-03T00:00:00.000,Finger Lakes,148,283645,1749,5494626,9.50%,REGION
2022-10-03T00:00:00.000,Franklin,9,11316,58,212801,17.07%,COUNTY
2022-10-03T00:00:00.000,Fulton,14,15409,74,224095,20.00%,COUNTY
2022-10-03T00:00:00.000,Genesee,4,15576,105,267789,3.92%,COUNTY
2022-10-03T00:00:00.000,Greene,1,10156,27,178440,3.85%,COUNTY
2022-10-03T00:00:00.000,Hamilton,0,1014,4,19855,0.00%,COUNTY
2022-10-03T00:00:00.000,Herkimer,14,16399,84,317688,13.56%,COUNTY
2022-10-03T00:00:00.000,Jefferson,36,24690,250,394846,11.18%,COUNTY
2022-10-03T00:00:00.000,Kings,328,834314,4947,18215039,6.51%,COUNTY
2022-10-03T00:00:00.000,Lewis,3,6923,30,102053,3.57%,COUNTY
2022-10-03T00:00:00.000,Livingston,8,13489,63,279912,14.29%,COUNTY
2022-10-03T00:00:00.000,Long Island,481,1015019,5501,16465119,7.49%,REGION
2022-10-03T00:00:00.000,Madison,11,15726,108,365213,6.25%,COUNTY
2022-10-03T00:00:00.000,Mid-Hudson,347,710469,4562,13079186,6.83%,REGION
2022-10-03T00:00:00.000,Mohawk Valley,104,128908,706,2681614,12.50%,REGION
2022-10-03T00:00:00.000,Monroe,86,179523,1171,3571670,8.64%,COUNTY
2022-10-03T00:00:00.000,Montgomery,15,14071,52,218908,22.22%,COUNTY
2022-10-03T00:00:00.000,Nassau,232,498935,2401,8186479,8.70%,COUNTY
2022-10-03T00:00:00.000,New York,253,534319,3807,14123706,6.53%,COUNTY
2022-10-03T00:00:00.000,New York City,1222,2815514,16784,58932073,7.03%,REGION
2022-10-03T00:00:00.000,Niagara,25,56155,293,889332,9.77%,COUNTY
2022-10-03T00:00:00.000,North Country,77,96634,582,1900491,9.15%,REGION
2022-10-03T00:00:00.000,Oneida,47,64571,384,1496611,8.29%,COUNTY
2022-10-03T00:00:00.000,Onondaga,75,134290,624,2745539,12.45%,COUNTY
2022-10-03T00:00:00.000,Ontario,24,24151,135,468473,19.05%,COUNTY
2022-10-03T00:00:00.000,Orange,74,127147,763,1899656,7.66%,COUNTY
2022-10-03T00:00:00.000,Orleans,7,9914,43,154924,16.67%,COUNTY
2022-10-03T00:00:00.000,Oswego,34,32129,173,518709,19.88%,COUNTY
2022-10-03T00:00:00.000,Otsego,11,12374,70,305726,16.92%,COUNTY
2022-10-03T00:00:00.000,Putnam,11,28805,149,477917,7.19%,COUNTY
2022-10-03T00:00:00.000,Queens,321,786086,4069,14361767,7.51%,COUNTY
2022-10-03T00:00:00.000,Rensselaer,34,38940,216,859667,16.35%,COUNTY
2022-10-03T00:00:00.000,Richmond,116,195153,1048,3606236,11.33%,COUNTY
2022-10-03T00:00:00.000,Rockland,53,109190,997,2305329,4.60%,COUNTY
2022-10-03T00:00:00.000,STATEWIDE,2991,6058584,35473,120024325,8.04%,STATEWIDE
2022-10-03T00:00:00.000,Saratoga,48,57332,302,1054007,13.36%,COUNTY
2022-10-03T00:00:00.000,Schenectady,22,40664,203,819196,16.94%,COUNTY
2022-10-03T00:00:00.000,Schoharie,3,6084,42,118586,7.50%,COUNTY
2022-10-03T00:00:00.000,Schuyler,3,4095,111,96813,1.87%,COUNTY
2022-10-03T00:00:00.000,Seneca,3,7052,47,135764,6.82%,COUNTY
2022-10-03T00:00:00.000,Southern Tier,101,165182,1169,5895468,8.86%,REGION
2022-10-03T00:00:00.000,St. Lawrence,9,24839,101,611147,5.32%,COUNTY
2022-10-03T00:00:00.000,Steuben,19,23621,98,466859,17.78%,COUNTY
2022-10-03T00:00:00.000,Suffolk,249,516084,3100,8278640,6.56%,COUNTY
2022-10-03T00:00:00.000,Sullivan,19,22333,162,364635,9.42%,COUNTY
2022-10-03T00:00:00.000,Tioga,8,13044,63,228020,11.86%,COUNTY
2022-10-03T00:00:00.000,Tompkins,13,24742,166,3050691,7.98%,COUNTY
2022-10-03T00:00:00.000,Ulster,13,39327,254,849518,4.42%,COUNTY
2022-10-03T00:00:00.000,Warren,11,17297,78,329065,17.39%,COUNTY
2022-10-03T00:00:00.000,Washington,13,14582,77,280102,16.13%,COUNTY
2022-10-03T00:00:00.000,Wayne,8,20385,122,372129,6.36%,COUNTY
2022-10-03T00:00:00.000,Westchester,142,306254,1796,5728681,7.04%,COUNTY
2022-10-03T00:00:00.000,Western New York,191,364749,2012,6113458,9.10%,REGION
2022-10-03T00:00:00.000,Wyoming,6,9418,44,155005,12.20%,COUNTY
2022-10-03T00:00:00.000,Yates,2,4137,19,88960,5.56%,COUNTY
2022-10-02T00:00:00.000,Albany,40,73031,480,1375397,7.68%,COUNTY
2022-10-02T00:00:00.000,Allegany,7,10188,75,244807,9.46%,COUNTY
2022-10-02T00:00:00.000,Bronx,142,465438,2739,8622412,4.22%,COUNTY
2022-10-02T00:00:00.000,Broome,21,54347,242,1155989,8.40%,COUNTY
2022-10-02T00:00:00.000,Capital Region,187,264558,2044,5144405,8.32%,REGION
2022-10-02T00:00:00.000,Cattaraugus,4,18139,81,301417,5.26%,COUNTY
2022-10-02T00:00:00.000,Cayuga,11,19044,126,385922,9.02%,COUNTY
2022-10-02T00:00:00.000,Central New York,133,213586,1252,4315477,10.13%,REGION
2022-10-02T00:00:00.000,Chautauqua,19,27623,126,522106,15.08%,COUNTY
2022-10-02T00:00:00.000,Chemung,9,24817,112,469310,8.33%,COUNTY
2022-10-02T00:00:00.000,Chenango,5,11043,60,231664,8.77%,COUNTY
2022-10-02T00:00:00.000,Clinton,17,20762,120,398096,13.51%,COUNTY
2022-10-02T00:00:00.000,Columbia,5,12685,68,249434,8.20%,COUNTY
2022-10-02T00:00:00.000,Cortland,4,12517,50,300999,8.00%,COUNTY
2022-10-02T00:00:00.000,Delaware,5,9415,64,195391,6.56%,COUNTY
2022-10-02T00:00:00.000,Dutchess,31,77378,344,1453009,8.36%,COUNTY
2022-10-02T00:00:00.000,Erie,126,252478,1239,4154077,9.31%,COUNTY
2022-10-02T00:00:00.000,Essex,3,7070,51,161554,4.55%,COUNTY
2022-10-02T00:00:00.000,Finger Lakes,176,283497,2180,5492877,8.31%,REGION
2022-10-02T00:00:00.000,Franklin,14,11307,90,212743,15.73%,COUNTY
2022-10-02T00:00:00.000,Fulton,17,15395,102,224021,16.83%,COUNTY
2022-10-02T00:00:00.000,Genesee,9,15572,117,267684,7.69%,COUNTY
2022-10-02T00:00:00.000,Greene,2,10155,36,178413,5.56%,COUNTY
2022-10-02T00:00:00.000,Hamilton,0,1014,9,19851,0.00%,COUNTY
2022-10-02T00:00:00.000,Herkimer,4,16385,64,317604,7.69%,COUNTY
2022-10-02T00:00:00.000,Jefferson,23,24654,153,394596,10.00%,COUNTY
2022-10-02T00:00:00.000,Kings,281,833986,6843,18210092,3.24%,COUNTY
2022-10-02T00:00:00.000,Lewis,1,6920,25,102023,0.00%,COUNTY
2022-10-02T00:00:00.000,Livingston,16,13481,97,279849,16.84%,COUNTY
2022-10-02T00:00:00.000,Long Island,501,1014538,6022,16459618,7.12%,REGION
2022-10-02T00:00:00.000,Madison,6,15715,99,365105,6.12%,COUNTY
2022-10-02T00:00:00.000,Mid-Hudson,295,710122,3775,13074624,6.94%,REGION
2022-10-02T00:00:00.000,Mohawk Valley,79,128804,813,2680908,10.80%,REGION
2022-10-02T00:00:00.000,Monroe,98,179437,1307,3570499,7.56%,COUNTY
2022-10-02T00:00:00.000,Montgomery,11,14056,75,218856,14.86%,COUNTY
2022-10-02T00:00:00.000,Nassau,219,498703,2806,8184078,6.81%,COUNTY
2022-10-02T00:00:00.000,New York,218,534066,3888,14119899,4.85%,COUNTY
2022-10-02T00:00:00.000,New York City,1068,2814292,20134,58915289,4.56%,REGION
2022-10-02T00:00:00.000,Niagara,23,56130,193,889039,11.17%,COUNTY
2022-10-02T00:00:00.000,North Country,67,96557,571,1899909,10.20%,REGION
2022-10-02T00:00:00.000,Oneida,38,64524,443,1496227,10.08%,COUNTY
2022-10-02T00:00:00.000,Onondaga,80,134215,813,2744915,9.18%,COUNTY
2022-10-02T00:00:00.000,Ontario,25,24127,241,468338,10.59%,COUNTY
2022-10-02T00:00:00.000,Orange,51,127073,694,1898893,6.21%,COUNTY
2022-10-02T00:00:00.000,Orleans,5,9907,67,154881,7.46%,COUNTY
2022-10-02T00:00:00.000,Oswego,32,32095,164,518536,18.75%,COUNTY
2022-10-02T00:00:00.000,Otsego,8,12363,109,305656,6.54%,COUNTY
2022-10-02T00:00:00.000,Putnam,12,28794,158,477768,7.43%,COUNTY
2022-10-02T00:00:00.000,Queens,312,785765,5502,14357698,5.29%,COUNTY
2022-10-02T00:00:00.000,Rensselaer,31,38906,320,859451,9.32%,COUNTY
2022-10-02T00:00:00.000,Richmond,115,195037,1162,3605188,9.54%,COUNTY
2022-10-02T00:00:00.000,Rockland,44,109137,446,2304332,8.31%,COUNTY
2022-10-02T00:00:00.000,STATEWIDE,2754,6055593,39247,119988852,6.42%,STATEWIDE
2022-10-02T00:00:00.000,Saratoga,65,57284,590,1053705,9.51%,COUNTY
2022-10-02T00:00:00.000,Schenectady,25,40642,279,818993,8.09%,COUNTY
2022-10-02T00:00:00.000,Schoharie,1,6081,20,118544,5.26%,COUNTY
2022-10-02T00:00:00.000,Schuyler,6,4092,20,96702,31.58%,COUNTY
2022-10-02T00:00:00.000,Seneca,4,7049,79,135717,5.13%,COUNTY
2022-10-02T00:00:00.000,Southern Tier,69,165081,742,5894299,9.38%,REGION
2022-10-02T00:00:00.000,St. Lawrence,9,24830,123,611046,7.56%,COUNTY
2022-10-02T00:00:00.000,Steuben,9,23602,111,466761,8.74%,COUNTY
2022-10-02T00:00:00.000,Suffolk,282,515835,3216,8275540,7.40%,COUNTY
2022-10-02T00:00:00.000,Sullivan,12,22314,156,364473,6.57%,COUNTY
2022-10-02T00:00:00.000,Tioga,10,13036,65,227957,15.38%,COUNTY
2022-10-02T00:00:00.000,Tompkins,4,24729,68,3050525,6.06%,COUNTY
2022-10-02T00:00:00.000,Ulster,30,39314,266,849264,11.16%,COUNTY
2022-10-02T00:00:00.000,Warren,12,17286,146,328987,6.31%,COUNTY
2022-10-02T00:00:00.000,Washington,7,14569,125,280025,6.80%,COUNTY
2022-10-02T00:00:00.000,Wayne,12,20377,171,372007,7.01%,COUNTY
2022-10-02T00:00:00.000,Westchester,115,306112,1711,5726885,5.82%,COUNTY
2022-10-02T00:00:00.000,Western New York,179,364558,1714,6111446,9.78%,REGION
2022-10-02T00:00:00.000,Wyoming,0,9412,27,154961,0.00%,COUNTY
2022-10-02T00:00:00.000,Yates,7,4135,74,88941,18.92%,COUNTY
2022-10-01T00:00:00.000,Albany,57,72991,557,1374917,9.80%,COUNTY
2022-10-01T00:00:00.000,Allegany,5,10181,76,244732,4.23%,COUNTY
2022-10-01T00:00:00.000,Bronx,241,465296,3850,8619673,5.72%,COUNTY
2022-10-01T00:00:00.000,Broome,39,54326,526,1155747,7.16%,COUNTY
2022-10-01T00:00:00.000,Capital Region,197,264371,2035,5142361,9.73%,REGION
2022-10-01T00:00:00.000,Cattaraugus,11,18135,113,301336,10.00%,COUNTY
2022-10-01T00:00:00.000,Cayuga,15,19033,159,385796,9.74%,COUNTY
2022-10-01T00:00:00.000,Central New York,181,213453,1754,4314225,10.22%,REGION
2022-10-01T00:00:00.000,Chautauqua,12,27604,109,521980,10.48%,COUNTY
2022-10-01T00:00:00.000,Chemung,16,24808,290,469198,6.25%,COUNTY
2022-10-01T00:00:00.000,Chenango,8,11038,205,231604,7.14%,COUNTY
2022-10-01T00:00:00.000,Clinton,20,20745,133,397976,15.25%,COUNTY
2022-10-01T00:00:00.000,Columbia,4,12680,68,249366,5.97%,COUNTY
2022-10-01T00:00:00.000,Cortland,13,12513,143,300949,9.09%,COUNTY
2022-10-01T00:00:00.000,Delaware,8,9410,88,195327,8.97%,COUNTY
2022-10-01T00:00:00.000,Dutchess,43,77347,468,1452665,9.35%,COUNTY
2022-10-01T00:00:00.000,Erie,121,252352,1415,4152838,8.71%,COUNTY
2022-10-01T00:00:00.000,Essex,7,7067,92,161503,3.95%,COUNTY
2022-10-01T00:00:00.000,Finger Lakes,201,283321,2640,5490697,7.80%,REGION
2022-10-01T00:00:00.000,Franklin,14,11293,112,212653,12.84%,COUNTY
2022-10-01T00:00:00.000,Fulton,22,15378,97,223919,23.60%,COUNTY
2022-10-01T00:00:00.000,Genesee,9,15563,152,267567,5.41%,COUNTY
2022-10-01T00:00:00.000,Greene,7,10153,60,178377,8.93%,COUNTY
2022-10-01T00:00:00.000,Hamilton,3,1014,14,19842,18.18%,COUNTY
2022-10-01T00:00:00.000,Herkimer,14,16381,194,317540,8.79%,COUNTY
2022-10-01T00:00:00.000,Jefferson,12,24631,167,394443,6.29%,COUNTY
2022-10-01T00:00:00.000,Kings,406,833705,11679,18203249,3.01%,COUNTY
2022-10-01T00:00:00.000,Lewis,1,6919,32,101998,3.23%,COUNTY
2022-10-01T00:00:00.000,Livingston,13,13465,132,279752,10.00%,COUNTY
2022-10-01T00:00:00.000,Long Island,650,1014037,8052,16453596,6.30%,REGION
2022-10-01T00:00:00.000,Madison,13,15709,118,365006,12.26%,COUNTY
2022-10-01T00:00:00.000,Mid-Hudson,445,709827,5684,13070849,7.06%,REGION
2022-10-01T00:00:00.000,Mohawk Valley,111,128725,1140,2680095,12.19%,REGION
2022-10-01T00:00:00.000,Monroe,110,179339,1643,3569192,7.21%,COUNTY
2022-10-01T00:00:00.000,Montgomery,12,14045,100,218781,16.42%,COUNTY
2022-10-01T00:00:00.000,Nassau,283,498484,3834,8181272,6.24%,COUNTY
2022-10-01T00:00:00.000,New York,354,533848,6938,14116011,4.99%,COUNTY
2022-10-01T00:00:00.000,New York City,1549,2813224,31051,58895155,4.47%,REGION
2022-10-01T00:00:00.000,Niagara,19,56107,238,888846,8.21%,COUNTY
2022-10-01T00:00:00.000,North Country,76,96490,767,1899338,9.34%,REGION
2022-10-01T00:00:00.000,Oneida,45,64486,583,1495784,10.77%,COUNTY
2022-10-01T00:00:00.000,Onondaga,95,134135,1036,2744102,8.76%,COUNTY
2022-10-01T00:00:00.000,Ontario,21,24102,268,468097,8.08%,COUNTY
2022-10-01T00:00:00.000,Orange,83,127022,1175,1898199,6.40%,COUNTY
2022-10-01T00:00:00.000,Orleans,4,9902,69,154814,5.80%,COUNTY
2022-10-01T00:00:00.000,Oswego,45,32063,298,518372,15.31%,COUNTY
2022-10-01T00:00:00.000,Otsego,16,12355,116,305547,11.54%,COUNTY
2022-10-01T00:00:00.000,Putnam,17,28782,250,477610,7.11%,COUNTY
2022-10-01T00:00:00.000,Queens,411,785453,7012,14352196,5.16%,COUNTY
2022-10-01T00:00:00.000,Rensselaer,20,38875,263,859131,7.63%,COUNTY
2022-10-01T00:00:00.000,Richmond,137,194922,1572,3604026,8.05%,COUNTY
2022-10-01T00:00:00.000,Rockland,61,109093,799,2303886,7.15%,COUNTY
2022-10-01T00:00:00.000,STATEWIDE,3697,6052839,56864,119949605,6.00%,STATEWIDE
2022-10-01T00:00:00.000,Saratoga,49,57219,400,1053115,12.77%,COUNTY
2022-10-01T00:00:00.000,Schenectady,23,40617,264,818714,8.14%,COUNTY
2022-10-01T00:00:00.000,Schoharie,2,6080,50,118524,4.00%,COUNTY
2022-10-01T00:00:00.000,Schuyler,1,4086,59,96682,1.89%,COUNTY
2022-10-01T00:00:00.000,Seneca,6,7045,60,135638,10.17%,COUNTY
2022-10-01T00:00:00.000,Southern Tier,119,165012,1790,5893557,6.97%,REGION
2022-10-01T00:00:00.000,St. Lawrence,19,24821,217,610923,8.92%,COUNTY
2022-10-01T00:00:00.000,Steuben,28,23593,333,466650,8.41%,COUNTY
2022-10-01T00:00:00.000,Suffolk,367,515553,4218,8272324,6.35%,COUNTY
2022-10-01T00:00:00.000,Sullivan,12,22302,202,364317,5.85%,COUNTY
2022-10-01T00:00:00.000,Tioga,7,13026,133,227892,4.80%,COUNTY
2022-10-01T00:00:00.000,Tompkins,12,24725,156,3050457,7.74%,COUNTY
2022-10-01T00:00:00.000,Ulster,30,39284,291,848998,10.98%,COUNTY
2022-10-01T00:00:00.000,Warren,24,17274,205,328841,11.43%,COUNTY
2022-10-01T00:00:00.000,Washington,13,14562,218,279900,8.41%,COUNTY
2022-10-01T00:00:00.000,Wayne,29,20365,198,371836,13.11%,COUNTY
2022-10-01T00:00:00.000,Westchester,199,305997,2499,5725174,6.46%,COUNTY
2022-10-01T00:00:00.000,Western New York,168,364379,1951,6109732,8.65%,REGION
2022-10-01T00:00:00.000,Wyoming,6,9412,77,154934,6.85%,COUNTY
2022-10-01T00:00:00.000,Yates,3,4128,41,88867,7.32%,COUNTY
2022-09-30T00:00:00.000,Albany,47,72934,546,1374360,7.85%,COUNTY
2022-09-30T00:00:00.000,Allegany,6,10176,142,244656,9.84%,COUNTY
2022-09-30T00:00:00.000,Bronx,306,465055,4986,8615823,5.31%,COUNTY
2022-09-30T00:00:00.000,Broome,56,54287,853,1155221,6.57%,COUNTY
2022-09-30T00:00:00.000,Capital Region,210,264174,2318,5140326,9.07%,REGION
2022-09-30T00:00:00.000,Cattaraugus,16,18124,98,301223,15.56%,COUNTY
2022-09-30T00:00:00.000,Cayuga,17,19018,240,385637,9.36%,COUNTY
2022-09-30T00:00:00.000,Central New York,225,213272,2371,4312471,10.07%,REGION
2022-09-30T00:00:00.000,Chautauqua,21,27592,167,521871,15.67%,COUNTY
2022-09-30T00:00:00.000,Chemung,26,24792,316,468908,7.54%,COUNTY
2022-09-30T00:00:00.000,Chenango,9,11030,117,231399,8.04%,COUNTY
2022-09-30T00:00:00.000,Clinton,22,20725,175,397843,10.90%,COUNTY
2022-09-30T00:00:00.000,Columbia,15,12676,84,249298,17.50%,COUNTY
2022-09-30T00:00:00.000,Cortland,13,12500,162,300806,8.07%,COUNTY
2022-09-30T00:00:00.000,Delaware,8,9402,129,195239,5.00%,COUNTY
2022-09-30T00:00:00.000,Dutchess,45,77304,658,1452197,7.43%,COUNTY
2022-09-30T00:00:00.000,Erie,194,252231,1837,4151423,10.78%,COUNTY
2022-09-30T00:00:00.000,Essex,8,7060,93,161411,8.97%,COUNTY
2022-09-30T00:00:00.000,Finger Lakes,235,283120,3001,5488057,8.53%,REGION
2022-09-30T00:00:00.000,Franklin,12,11279,135,212541,9.91%,COUNTY
2022-09-30T00:00:00.000,Fulton,18,15356,272,223822,14.91%,COUNTY
2022-09-30T00:00:00.000,Genesee,10,15554,164,267415,6.49%,COUNTY
2022-09-30T00:00:00.000,Greene,6,10146,109,178317,7.04%,COUNTY
2022-09-30T00:00:00.000,Hamilton,0,1011,10,19828,0.00%,COUNTY
2022-09-30T00:00:00.000,Herkimer,9,16367,229,317346,3.48%,COUNTY
2022-09-30T00:00:00.000,Jefferson,25,24619,301,394276,4.55%,COUNTY
2022-09-30T00:00:00.000,Kings,595,833299,12126,18191570,4.42%,COUNTY
2022-09-30T00:00:00.000,Lewis,3,6918,32,101966,13.04%,COUNTY
2022-09-30T00:00:00.000,Livingston,14,13452,97,279620,14.12%,COUNTY
2022-09-30T00:00:00.000,Long Island,797,1013387,9306,16445544,7.55%,REGION
2022-09-30T00:00:00.000,Madison,15,15696,186,364888,9.03%,COUNTY
2022-09-30T00:00:00.000,Mid-Hudson,521,709382,7032,13065165,6.97%,REGION
2022-09-30T00:00:00.000,Mohawk Valley,134,128614,1806,2678955,8.77%,REGION
2022-09-30T00:00:00.000,Monroe,123,179229,1898,3567549,7.62%,COUNTY
2022-09-30T00:00:00.000,Montgomery,14,14033,133,218681,12.04%,COUNTY
2022-09-30T00:00:00.000,Nassau,374,498201,4423,8177438,8.03%,COUNTY
2022-09-30T00:00:00.000,New York,403,533494,8204,14109073,4.84%,COUNTY
2022-09-30T00:00:00.000,New York City,2030,2811675,35590,58864104,5.18%,REGION
2022-09-30T00:00:00.000,Niagara,36,56088,306,888608,12.30%,COUNTY
2022-09-30T00:00:00.000,North Country,92,96414,958,1898571,8.64%,REGION
2022-09-30T00:00:00.000,Oneida,75,64441,821,1495201,9.25%,COUNTY
2022-09-30T00:00:00.000,Onondaga,132,134040,1446,2743066,9.53%,COUNTY
2022-09-30T00:00:00.000,Ontario,28,24081,266,467829,12.84%,COUNTY
2022-09-30T00:00:00.000,Orange,131,126939,1241,1897024,9.49%,COUNTY
2022-09-30T00:00:00.000,Orleans,20,9898,85,154745,18.42%,COUNTY
2022-09-30T00:00:00.000,Oswego,48,32018,337,518074,14.06%,COUNTY
2022-09-30T00:00:00.000,Otsego,11,12339,284,305431,4.83%,COUNTY
2022-09-30T00:00:00.000,Putnam,24,28765,228,477360,11.27%,COUNTY
2022-09-30T00:00:00.000,Queens,547,785042,8496,14345184,5.81%,COUNTY
2022-09-30T00:00:00.000,Rensselaer,32,38855,269,858868,11.58%,COUNTY
2022-09-30T00:00:00.000,Richmond,179,194785,1778,3602454,9.04%,COUNTY
2022-09-30T00:00:00.000,Rockland,62,109032,1275,2303087,4.33%,COUNTY
2022-09-30T00:00:00.000,STATEWIDE,4673,6049142,67028,119892741,6.64%,STATEWIDE
2022-09-30T00:00:00.000,Saratoga,47,57170,444,1052715,10.17%,COUNTY
2022-09-30T00:00:00.000,Schenectady,32,40594,481,818450,8.63%,COUNTY
2022-09-30T00:00:00.000,Schoharie,7,6078,67,118474,10.61%,COUNTY
2022-09-30T00:00:00.000,Schuyler,4,4085,61,96623,7.02%,COUNTY
2022-09-30T00:00:00.000,Seneca,9,7039,81,135578,10.96%,COUNTY
2022-09-30T00:00:00.000,Southern Tier,156,164893,2096,5891767,7.36%,REGION
2022-09-30T00:00:00.000,St. Lawrence,22,24802,212,610706,10.19%,COUNTY
2022-09-30T00:00:00.000,Steuben,20,23565,238,466317,9.18%,COUNTY
2022-09-30T00:00:00.000,Suffolk,423,515186,4883,8268106,7.10%,COUNTY
2022-09-30T00:00:00.000,Sullivan,22,22290,281,364115,7.88%,COUNTY
2022-09-30T00:00:00.000,Tioga,12,13019,149,227759,8.51%,COUNTY
2022-09-30T00:00:00.000,Tompkins,21,24713,233,3050301,8.66%,COUNTY
2022-09-30T00:00:00.000,Ulster,46,39254,424,848707,10.89%,COUNTY
2022-09-30T00:00:00.000,Warren,18,17250,239,328636,5.06%,COUNTY
2022-09-30T00:00:00.000,Washington,13,14549,146,279682,8.13%,COUNTY
2022-09-30T00:00:00.000,Wayne,13,20336,250,371638,4.93%,COUNTY
2022-09-30T00:00:00.000,Westchester,191,305798,2925,5722675,5.86%,COUNTY
2022-09-30T00:00:00.000,Western New York,273,364211,2550,6107781,11.42%,REGION
2022-09-30T00:00:00.000,Wyoming,6,9406,60,154857,9.09%,COUNTY
2022-09-30T00:00:00.000,Yates,12,4125,100,88826,10.20%,COUNTY
2022-09-29T00:00:00.000,Albany,72,72887,574,1373814,11.09%,COUNTY
2022-09-29T00:00:00.000,Allegany,10,10170,66,244514,13.79%,COUNTY
2022-09-29T00:00:00.000,Bronx,339,464749,5232,8610837,6.73%,COUNTY
2022-09-29T00:00:00.000,Broome,53,54231,455,1154368,11.57%,COUNTY
2022-09-29T00:00:00.000,Capital Region,284,263964,2380,5138008,11.70%,REGION
2022-09-29T00:00:00.000,Cattaraugus,20,18108,116,301125,20.20%,COUNTY
2022-09-29T00:00:00.000,Cayuga,34,19001,258,385397,14.62%,COUNTY
2022-09-29T00:00:00.000,Central New York,274,213047,3035,4310100,9.13%,REGION
2022-09-29T00:00:00.000,Chautauqua,30,27571,163,521704,16.77%,COUNTY
2022-09-29T00:00:00.000,Chemung,26,24766,296,468592,12.09%,COUNTY
2022-09-29T00:00:00.000,Chenango,8,11021,101,231282,7.45%,COUNTY
2022-09-29T00:00:00.000,Clinton,39,20703,199,397668,21.30%,COUNTY
2022-09-29T00:00:00.000,Columbia,9,12661,104,249214,8.16%,COUNTY
2022-09-29T00:00:00.000,Cortland,16,12487,161,300644,9.94%,COUNTY
2022-09-29T00:00:00.000,Delaware,6,9394,87,195110,3.90%,COUNTY
2022-09-29T00:00:00.000,Dutchess,73,77259,649,1451539,11.83%,COUNTY
2022-09-29T00:00:00.000,Erie,194,252037,1685,4149586,11.24%,COUNTY
2022-09-29T00:00:00.000,Essex,10,7052,111,161318,5.88%,COUNTY
2022-09-29T00:00:00.000,Finger Lakes,243,282885,2848,5485056,9.32%,REGION
2022-09-29T00:00:00.000,Franklin,17,11267,138,212406,14.29%,COUNTY
2022-09-29T00:00:00.000,Fulton,20,15338,157,223550,16.38%,COUNTY
2022-09-29T00:00:00.000,Genesee,21,15544,170,267251,12.27%,COUNTY
2022-09-29T00:00:00.000,Greene,10,10140,72,178208,14.29%,COUNTY
2022-09-29T00:00:00.000,Hamilton,0,1011,10,19818,0.00%,COUNTY
2022-09-29T00:00:00.000,Herkimer,17,16358,163,317117,10.23%,COUNTY
2022-09-29T00:00:00.000,Jefferson,37,24594,337,393975,8.42%,COUNTY
2022-09-29T00:00:00.000,Kings,585,832704,10301,18179444,5.45%,COUNTY
2022-09-29T00:00:00.000,Lewis,2,6915,50,101934,5.88%,COUNTY
2022-09-29T00:00:00.000,Livingston,9,13438,160,279523,5.97%,COUNTY
2022-09-29T00:00:00.000,Long Island,874,1012590,9464,16436238,8.24%,REGION
2022-09-29T00:00:00.000,Madison,21,15681,225,364702,9.90%,COUNTY
2022-09-29T00:00:00.000,Mid-Hudson,658,708861,11712,13058133,4.98%,REGION
2022-09-29T00:00:00.000,Mohawk Valley,137,128480,1379,2677149,12.21%,REGION
2022-09-29T00:00:00.000,Monroe,125,179106,1725,3565651,7.98%,COUNTY
2022-09-29T00:00:00.000,Montgomery,20,14019,153,218548,24.32%,COUNTY
2022-09-29T00:00:00.000,Nassau,397,497827,4675,8173015,8.17%,COUNTY
2022-09-29T00:00:00.000,New York,485,533091,8289,14100869,5.88%,COUNTY
2022-09-29T00:00:00.000,New York City,2142,2809645,34200,58828514,6.10%,REGION
2022-09-29T00:00:00.000,Niagara,29,56052,340,888302,9.35%,COUNTY
2022-09-29T00:00:00.000,North Country,125,96322,1060,1897613,11.64%,REGION
2022-09-29T00:00:00.000,Oneida,61,64366,678,1494380,11.11%,COUNTY
2022-09-29T00:00:00.000,Onondaga,163,133908,2045,2741620,7.94%,COUNTY
2022-09-29T00:00:00.000,Ontario,38,24053,300,467563,14.17%,COUNTY
2022-09-29T00:00:00.000,Orange,137,126808,1506,1895783,8.53%,COUNTY
2022-09-29T00:00:00.000,Orleans,7,9878,73,154660,10.14%,COUNTY
2022-09-29T00:00:00.000,Oswego,40,31970,346,517737,11.73%,COUNTY
2022-09-29T00:00:00.000,Otsego,12,12328,180,305147,7.25%,COUNTY
2022-09-29T00:00:00.000,Putnam,40,28741,327,477132,12.62%,COUNTY
2022-09-29T00:00:00.000,Queens,573,784495,8263,14336688,6.63%,COUNTY
2022-09-29T00:00:00.000,Rensselaer,51,38823,315,858599,16.17%,COUNTY
2022-09-29T00:00:00.000,Richmond,160,194606,2115,3600676,6.80%,COUNTY
2022-09-29T00:00:00.000,Rockland,91,108970,4925,2301812,1.34%,COUNTY
2022-09-29T00:00:00.000,STATEWIDE,5183,6044469,70063,119825713,7.17%,STATEWIDE
2022-09-29T00:00:00.000,Saratoga,55,57123,473,1052271,11.67%,COUNTY
2022-09-29T00:00:00.000,Schenectady,45,40562,399,817969,12.20%,COUNTY
2022-09-29T00:00:00.000,Schoharie,7,6071,48,118407,10.87%,COUNTY
2022-09-29T00:00:00.000,Schuyler,5,4081,46,96562,11.36%,COUNTY
2022-09-29T00:00:00.000,Seneca,8,7030,91,135497,9.52%,COUNTY
2022-09-29T00:00:00.000,Southern Tier,163,164737,1615,5889671,10.75%,REGION
2022-09-29T00:00:00.000,St. Lawrence,20,24780,215,610494,10.05%,COUNTY
2022-09-29T00:00:00.000,Steuben,28,23545,257,466079,12.76%,COUNTY
2022-09-29T00:00:00.000,Suffolk,477,514763,4789,8263223,8.30%,COUNTY
2022-09-29T00:00:00.000,Sullivan,18,22268,279,363834,6.17%,COUNTY
2022-09-29T00:00:00.000,Tioga,18,13007,148,227610,12.68%,COUNTY
2022-09-29T00:00:00.000,Tompkins,19,24692,225,3050068,8.52%,COUNTY
2022-09-29T00:00:00.000,Ulster,40,39208,486,848283,8.35%,COUNTY
2022-09-29T00:00:00.000,Warren,23,17232,236,328397,4.64%,COUNTY
2022-09-29T00:00:00.000,Washington,19,14536,207,279536,12.28%,COUNTY
2022-09-29T00:00:00.000,Wayne,27,20323,187,371388,15.66%,COUNTY
2022-09-29T00:00:00.000,Westchester,259,305607,3540,5719750,6.46%,COUNTY
2022-09-29T00:00:00.000,Western New York,283,363938,2370,6105231,11.87%,REGION
2022-09-29T00:00:00.000,Wyoming,4,9400,75,154797,5.41%,COUNTY
2022-09-29T00:00:00.000,Yates,4,4113,67,88726,6.35%,COUNTY
2022-09-28T00:00:00.000,Albany,83,72815,862,1373240,9.04%,COUNTY
2022-09-28T00:00:00.000,Allegany,14,10160,111,244448,14.29%,COUNTY
2022-09-28T00:00:00.000,Bronx,336,464410,5276,8605605,5.56%,COUNTY
2022-09-28T00:00:00.000,Broome,48,54178,624,1153913,7.71%,COUNTY
2022-09-28T00:00:00.000,Capital Region,298,263680,3562,5135628,8.23%,REGION
2022-09-28T00:00:00.000,Cattaraugus,17,18088,162,301009,11.19%,COUNTY
2022-09-28T00:00:00.000,Cayuga,25,18967,279,385139,11.06%,COUNTY
2022-09-28T00:00:00.000,Central New York,264,212773,2483,4307065,10.98%,REGION
2022-09-28T00:00:00.000,Chautauqua,21,27541,168,521541,12.10%,COUNTY
2022-09-28T00:00:00.000,Chemung,25,24740,291,468296,11.36%,COUNTY
2022-09-28T00:00:00.000,Chenango,16,11013,111,231181,12.62%,COUNTY
2022-09-28T00:00:00.000,Clinton,47,20664,277,397469,20.62%,COUNTY
2022-09-28T00:00:00.000,Columbia,13,12652,127,249110,10.83%,COUNTY
2022-09-28T00:00:00.000,Cortland,15,12471,165,300483,8.64%,COUNTY
2022-09-28T00:00:00.000,Delaware,8,9388,92,195023,8.54%,COUNTY
2022-09-28T00:00:00.000,Dutchess,82,77186,961,1450890,8.79%,COUNTY
2022-09-28T00:00:00.000,Erie,238,251843,2441,4147901,10.86%,COUNTY
2022-09-28T00:00:00.000,Essex,12,7042,107,161207,7.35%,COUNTY
2022-09-28T00:00:00.000,Finger Lakes,274,282642,3659,5482208,8.27%,REGION
2022-09-28T00:00:00.000,Franklin,18,11250,211,212268,8.82%,COUNTY
2022-09-28T00:00:00.000,Fulton,25,15318,242,223393,13.77%,COUNTY
2022-09-28T00:00:00.000,Genesee,10,15523,212,267081,4.00%,COUNTY
2022-09-28T00:00:00.000,Greene,3,10130,75,178136,4.11%,COUNTY
2022-09-28T00:00:00.000,Hamilton,2,1011,11,19808,14.29%,COUNTY
2022-09-28T00:00:00.000,Herkimer,19,16341,236,316954,8.90%,COUNTY
2022-09-28T00:00:00.000,Jefferson,52,24557,389,393638,11.01%,COUNTY
2022-09-28T00:00:00.000,Kings,531,832119,9143,18169143,5.48%,COUNTY
2022-09-28T00:00:00.000,Lewis,4,6913,67,101884,6.82%,COUNTY
2022-09-28T00:00:00.000,Livingston,20,13429,141,279363,15.65%,COUNTY
2022-09-28T00:00:00.000,Long Island,902,1011716,10254,16426774,7.94%,REGION
2022-09-28T00:00:00.000,Madison,18,15660,218,364477,10.49%,COUNTY
2022-09-28T00:00:00.000,Mid-Hudson,582,708203,7379,13046421,7.65%,REGION
2022-09-28T00:00:00.000,Mohawk Valley,155,128343,1620,2675770,12.30%,REGION
2022-09-28T00:00:00.000,Monroe,162,178981,2269,3563926,7.80%,COUNTY
2022-09-28T00:00:00.000,Montgomery,21,13999,111,218395,19.80%,COUNTY
2022-09-28T00:00:00.000,Nassau,369,497430,4820,8168340,7.22%,COUNTY
2022-09-28T00:00:00.000,New York,483,532606,8352,14092580,5.60%,COUNTY
2022-09-28T00:00:00.000,New York City,2050,2807503,32824,58794314,5.87%,REGION
2022-09-28T00:00:00.000,Niagara,39,56023,398,887962,10.19%,COUNTY
2022-09-28T00:00:00.000,North Country,171,96197,1300,1896553,12.71%,REGION
2022-09-28T00:00:00.000,Oneida,73,64305,736,1493702,13.32%,COUNTY
2022-09-28T00:00:00.000,Onondaga,153,133745,1438,2739575,10.42%,COUNTY
2022-09-28T00:00:00.000,Ontario,32,24015,391,467263,10.67%,COUNTY
2022-09-28T00:00:00.000,Orange,123,126671,1340,1894277,7.93%,COUNTY
2022-09-28T00:00:00.000,Orleans,8,9871,104,154587,8.33%,COUNTY
2022-09-28T00:00:00.000,Oswego,53,31930,383,517391,14.21%,COUNTY
2022-09-28T00:00:00.000,Otsego,8,12316,222,304967,5.37%,COUNTY
2022-09-28T00:00:00.000,Putnam,26,28701,267,476805,11.02%,COUNTY
2022-09-28T00:00:00.000,Queens,530,783922,8014,14328425,6.32%,COUNTY
2022-09-28T00:00:00.000,Rensselaer,52,38772,713,858284,7.40%,COUNTY
2022-09-28T00:00:00.000,Richmond,170,194446,2039,3598561,7.80%,COUNTY
2022-09-28T00:00:00.000,Rockland,66,108879,832,2296887,8.07%,COUNTY
2022-09-28T00:00:00.000,STATEWIDE,5181,6039286,68310,119755650,7.47%,STATEWIDE
2022-09-28T00:00:00.000,Saratoga,62,57068,641,1051798,8.91%,COUNTY
2022-09-28T00:00:00.000,Schenectady,38,40517,519,817570,6.79%,COUNTY
2022-09-28T00:00:00.000,Schoharie,9,6064,73,118359,12.86%,COUNTY
2022-09-28T00:00:00.000,Schuyler,8,4076,133,96516,6.35%,COUNTY
2022-09-28T00:00:00.000,Seneca,13,7022,100,135406,13.33%,COUNTY
2022-09-28T00:00:00.000,Southern Tier,156,164574,1949,5888056,8.70%,REGION
2022-09-28T00:00:00.000,St. Lawrence,36,24760,238,610279,14.76%,COUNTY
2022-09-28T00:00:00.000,Steuben,14,23517,331,465822,5.73%,COUNTY
2022-09-28T00:00:00.000,Suffolk,533,514286,5434,8258434,8.60%,COUNTY
2022-09-28T00:00:00.000,Sullivan,21,22250,284,363555,4.80%,COUNTY
2022-09-28T00:00:00.000,Tioga,19,12989,137,227462,14.07%,COUNTY
2022-09-28T00:00:00.000,Tompkins,18,24673,230,3049843,7.59%,COUNTY
2022-09-28T00:00:00.000,Ulster,66,39168,509,847797,12.96%,COUNTY
2022-09-28T00:00:00.000,Warren,29,17209,406,328161,9.38%,COUNTY
2022-09-28T00:00:00.000,Washington,18,14517,219,279329,8.59%,COUNTY
2022-09-28T00:00:00.000,Wayne,15,20296,275,371201,5.35%,COUNTY
2022-09-28T00:00:00.000,Westchester,198,305348,3186,5716210,6.05%,COUNTY
2022-09-28T00:00:00.000,Western New York,329,363655,3280,6102861,11.00%,REGION
2022-09-28T00:00:00.000,Wyoming,10,9396,73,154722,15.15%,COUNTY
2022-09-28T00:00:00.000,Yates,4,4109,94,88659,7.02%,COUNTY
2022-09-27T00:00:00.000,Albany,68,72732,551,1372378,11.65%,COUNTY
2022-09-27T00:00:00.000,Allegany,12,10146,117,244337,9.71%,COUNTY
2022-09-27T00:00:00.000,Bronx,276,464074,4316,8600329,5.43%,COUNTY
2022-09-27T00:00:00.000,Broome,56,54130,576,1153289,10.25%,COUNTY
2022-09-27T00:00:00.000,Capital Region,265,263382,2199,5132066,11.22%,REGION
2022-09-27T00:00:00.000,Cattaraugus,19,18071,172,300847,11.03%,COUNTY
2022-09-27T00:00:00.000,Cayuga,33,18942,272,384860,16.11%,COUNTY
2022-09-27T00:00:00.000,Central New York,281,212509,2169,4304582,12.80%,REGION
2022-09-27T00:00:00.000,Chautauqua,12,27520,146,521373,8.51%,COUNTY
2022-09-27T00:00:00.000,Chemung,37,24715,301,468005,12.24%,COUNTY
2022-09-27T00:00:00.000,Chenango,6,10997,128,231070,5.00%,COUNTY
2022-09-27T00:00:00.000,Clinton,22,20617,149,397192,9.43%,COUNTY
2022-09-27T00:00:00.000,Columbia,11,12639,93,248983,10.23%,COUNTY
2022-09-27T00:00:00.000,Cortland,13,12456,175,300318,7.02%,COUNTY
2022-09-27T00:00:00.000,Delaware,5,9380,93,194931,5.75%,COUNTY
2022-09-27T00:00:00.000,Dutchess,59,77104,493,1449929,12.67%,COUNTY
2022-09-27T00:00:00.000,Erie,198,251605,1743,4145460,11.81%,COUNTY
2022-09-27T00:00:00.000,Essex,8,7030,116,161100,4.88%,COUNTY
2022-09-27T00:00:00.000,Finger Lakes,263,282368,3472,5478549,8.51%,REGION
2022-09-27T00:00:00.000,Franklin,8,11232,190,212057,5.41%,COUNTY
2022-09-27T00:00:00.000,Fulton,19,15293,145,223151,15.63%,COUNTY
2022-09-27T00:00:00.000,Genesee,9,15513,165,266869,3.29%,COUNTY
2022-09-27T00:00:00.000,Greene,6,10127,75,178061,8.33%,COUNTY
2022-09-27T00:00:00.000,Hamilton,1,1009,10,19797,0.00%,COUNTY
2022-09-27T00:00:00.000,Herkimer,14,16322,305,316718,4.30%,COUNTY
2022-09-27T00:00:00.000,Jefferson,43,24505,321,393249,13.04%,COUNTY
2022-09-27T00:00:00.000,Kings,522,831588,12600,18160000,3.62%,COUNTY
2022-09-27T00:00:00.000,Lewis,10,6909,77,101817,19.05%,COUNTY
2022-09-27T00:00:00.000,Livingston,14,13409,145,279222,9.42%,COUNTY
2022-09-27T00:00:00.000,Long Island,788,1010814,9116,16416520,7.23%,REGION
2022-09-27T00:00:00.000,Madison,29,15642,153,364259,17.86%,COUNTY
2022-09-27T00:00:00.000,Mid-Hudson,582,707621,7700,13039042,7.07%,REGION
2022-09-27T00:00:00.000,Mohawk Valley,155,128188,1626,2674150,14.13%,REGION
2022-09-27T00:00:00.000,Monroe,137,178819,2179,3561657,7.68%,COUNTY
2022-09-27T00:00:00.000,Montgomery,12,13978,144,218284,18.75%,COUNTY
2022-09-27T00:00:00.000,Nassau,373,497061,4312,8163520,7.78%,COUNTY
2022-09-27T00:00:00.000,New York,412,532123,6923,14084228,5.92%,COUNTY
2022-09-27T00:00:00.000,New York City,1893,2805453,32865,58761490,5.23%,REGION
2022-09-27T00:00:00.000,Niagara,49,55984,457,887564,14.29%,COUNTY
2022-09-27T00:00:00.000,North Country,122,96026,1160,1895253,10.15%,REGION
2022-09-27T00:00:00.000,Oneida,86,64232,870,1492966,14.98%,COUNTY
2022-09-27T00:00:00.000,Onondaga,155,133592,1243,2738137,11.80%,COUNTY
2022-09-27T00:00:00.000,Ontario,36,23983,371,466872,9.71%,COUNTY
2022-09-27T00:00:00.000,Orange,139,126548,2063,1892937,5.97%,COUNTY
2022-09-27T00:00:00.000,Orleans,14,9863,62,154483,25.93%,COUNTY
2022-09-27T00:00:00.000,Oswego,51,31877,326,517008,15.24%,COUNTY
2022-09-27T00:00:00.000,Otsego,14,12308,98,304745,14.29%,COUNTY
2022-09-27T00:00:00.000,Putnam,35,28675,282,476538,12.69%,COUNTY
2022-09-27T00:00:00.000,Queens,543,783392,7387,14320411,7.02%,COUNTY
2022-09-27T00:00:00.000,Rensselaer,38,38720,325,857571,11.11%,COUNTY
2022-09-27T00:00:00.000,Richmond,140,194276,1639,3596522,7.23%,COUNTY
2022-09-27T00:00:00.000,Rockland,78,108813,1531,2296055,4.26%,COUNTY
2022-09-27T00:00:00.000,STATEWIDE,4808,6034105,64823,119687340,7.03%,STATEWIDE
2022-09-27T00:00:00.000,Saratoga,72,57006,462,1051157,13.14%,COUNTY
2022-09-27T00:00:00.000,Schenectady,25,40479,249,817051,10.22%,COUNTY
2022-09-27T00:00:00.000,Schoharie,10,6055,64,118286,15.63%,COUNTY
2022-09-27T00:00:00.000,Schuyler,4,4068,64,96383,6.45%,COUNTY
2022-09-27T00:00:00.000,Seneca,10,7009,92,135306,10.11%,COUNTY
2022-09-27T00:00:00.000,Southern Tier,169,164418,1881,5886107,9.27%,REGION
2022-09-27T00:00:00.000,St. Lawrence,30,24724,297,610041,10.25%,COUNTY
2022-09-27T00:00:00.000,Steuben,17,23503,279,465491,6.72%,COUNTY
2022-09-27T00:00:00.000,Suffolk,415,513753,4804,8253000,6.73%,COUNTY
2022-09-27T00:00:00.000,Sullivan,31,22229,383,363271,9.25%,COUNTY
2022-09-27T00:00:00.000,Tioga,12,12970,166,227325,7.59%,COUNTY
2022-09-27T00:00:00.000,Tompkins,32,24655,274,3049613,11.15%,COUNTY
2022-09-27T00:00:00.000,Ulster,46,39102,399,847288,11.46%,COUNTY
2022-09-27T00:00:00.000,Warren,27,17180,231,327755,8.86%,COUNTY
2022-09-27T00:00:00.000,Washington,18,14499,213,279110,11.11%,COUNTY
2022-09-27T00:00:00.000,Wayne,25,20281,325,370926,8.04%,COUNTY
2022-09-27T00:00:00.000,Westchester,194,305150,2549,5713024,6.93%,COUNTY
2022-09-27T00:00:00.000,Western New York,290,363326,2635,6099581,11.75%,REGION
2022-09-27T00:00:00.000,Wyoming,9,9386,56,154649,15.09%,COUNTY
2022-09-27T00:00:00.000,Yates,9,4105,77,88565,12.16%,COUNTY
2022-09-26T00:00:00.000,Albany,44,72664,374,1371827,10.69%,COUNTY
2022-09-26T00:00:00.000,Allegany,5,10134,34,244220,15.63%,COUNTY
2022-09-26T00:00:00.000,Bronx,172,463798,2922,8596013,4.72%,COUNTY
2022-09-26T00:00:00.000,Broome,30,54074,529,1152713,5.80%,COUNTY
2022-09-26T00:00:00.000,Capital Region,213,263117,1584,5129867,13.10%,REGION
2022-09-26T00:00:00.000,Cattaraugus,11,18052,74,300675,13.64%,COUNTY
2022-09-26T00:00:00.000,Cayuga,19,18909,117,384588,15.32%,COUNTY
2022-09-26T00:00:00.000,Central New York,154,212228,1188,4302413,12.95%,REGION
2022-09-26T00:00:00.000,Chautauqua,10,27508,85,521227,12.20%,COUNTY
2022-09-26T00:00:00.000,Chemung,14,24678,154,467704,9.70%,COUNTY
2022-09-26T00:00:00.000,Chenango,6,10991,74,230942,7.14%,COUNTY
2022-09-26T00:00:00.000,Clinton,13,20595,72,397043,17.91%,COUNTY
2022-09-26T00:00:00.000,Columbia,29,12628,88,248890,32.14%,COUNTY
2022-09-26T00:00:00.000,Cortland,13,12443,124,300143,10.74%,COUNTY
2022-09-26T00:00:00.000,Delaware,4,9375,182,194838,2.29%,COUNTY
2022-09-26T00:00:00.000,Dutchess,67,77045,547,1449436,12.42%,COUNTY
2022-09-26T00:00:00.000,Erie,157,251407,1512,4143717,11.61%,COUNTY
2022-09-26T00:00:00.000,Essex,2,7022,33,160984,6.67%,COUNTY
2022-09-26T00:00:00.000,Finger Lakes,117,282105,1533,5475077,8.68%,REGION
2022-09-26T00:00:00.000,Franklin,6,11224,61,211867,10.53%,COUNTY
2022-09-26T00:00:00.000,Fulton,19,15274,104,223006,17.24%,COUNTY
2022-09-26T00:00:00.000,Genesee,13,15504,79,266704,15.79%,COUNTY
2022-09-26T00:00:00.000,Greene,19,10121,77,177986,25.33%,COUNTY
2022-09-26T00:00:00.000,Hamilton,0,1008,6,19787,0.00%,COUNTY
2022-09-26T00:00:00.000,Herkimer,13,16308,114,316413,8.64%,COUNTY
2022-09-26T00:00:00.000,Jefferson,40,24462,339,392928,5.53%,COUNTY
2022-09-26T00:00:00.000,Kings,387,831066,11109,18147400,2.67%,COUNTY
2022-09-26T00:00:00.000,Lewis,0,6899,59,101740,0.00%,COUNTY
2022-09-26T00:00:00.000,Livingston,3,13395,44,279077,0.00%,COUNTY
2022-09-26T00:00:00.000,Long Island,574,1010026,5989,16407404,8.23%,REGION
2022-09-26T00:00:00.000,Madison,9,15613,130,364106,6.67%,COUNTY
2022-09-26T00:00:00.000,Mid-Hudson,411,707039,6580,13031342,5.37%,REGION
2022-09-26T00:00:00.000,Mohawk Valley,107,128033,1045,2672524,11.13%,REGION
2022-09-26T00:00:00.000,Monroe,69,178682,1032,3559478,8.28%,COUNTY
2022-09-26T00:00:00.000,Montgomery,19,13966,89,218140,19.77%,COUNTY
2022-09-26T00:00:00.000,Nassau,270,496688,2840,8159208,9.38%,COUNTY
2022-09-26T00:00:00.000,New York,297,531711,4608,14077305,6.44%,COUNTY
2022-09-26T00:00:00.000,New York City,1372,2803560,24721,58728625,4.63%,REGION
2022-09-26T00:00:00.000,Niagara,29,55935,270,887107,13.50%,COUNTY
2022-09-26T00:00:00.000,North Country,74,95904,693,1894093,8.61%,REGION
2022-09-26T00:00:00.000,Oneida,45,64146,553,1492096,9.40%,COUNTY
2022-09-26T00:00:00.000,Onondaga,91,133437,641,2736894,14.54%,COUNTY
2022-09-26T00:00:00.000,Ontario,9,23947,105,466501,10.34%,COUNTY
2022-09-26T00:00:00.000,Orange,67,126409,1345,1890874,4.21%,COUNTY
2022-09-26T00:00:00.000,Orleans,1,9849,46,154421,2.86%,COUNTY
2022-09-26T00:00:00.000,Oswego,22,31826,176,516682,11.66%,COUNTY
2022-09-26T00:00:00.000,Otsego,8,12294,149,304647,7.21%,COUNTY
2022-09-26T00:00:00.000,Putnam,15,28640,150,476256,10.07%,COUNTY
2022-09-26T00:00:00.000,Queens,393,782849,4888,14313024,7.23%,COUNTY
2022-09-26T00:00:00.000,Rensselaer,28,38682,220,857246,12.44%,COUNTY
2022-09-26T00:00:00.000,Richmond,123,194136,1194,3594883,9.37%,COUNTY
2022-09-26T00:00:00.000,Rockland,55,108735,2039,2294524,1.90%,COUNTY
2022-09-26T00:00:00.000,STATEWIDE,3335,6029297,46679,119622517,6.46%,STATEWIDE
2022-09-26T00:00:00.000,Saratoga,39,56934,333,1050695,9.92%,COUNTY
2022-09-26T00:00:00.000,Schenectady,29,40454,244,816802,9.63%,COUNTY
2022-09-26T00:00:00.000,Schoharie,3,6045,36,118222,8.57%,COUNTY
2022-09-26T00:00:00.000,Schuyler,2,4064,75,96319,2.67%,COUNTY
2022-09-26T00:00:00.000,Seneca,2,6999,34,135214,5.88%,COUNTY
2022-09-26T00:00:00.000,Southern Tier,101,164249,1371,5884226,7.48%,REGION
2022-09-26T00:00:00.000,St. Lawrence,13,24694,123,609744,10.92%,COUNTY
2022-09-26T00:00:00.000,Steuben,13,23486,106,465212,12.12%,COUNTY
2022-09-26T00:00:00.000,Suffolk,304,513338,3149,8248196,7.25%,COUNTY
2022-09-26T00:00:00.000,Sullivan,14,22198,190,362888,5.41%,COUNTY
2022-09-26T00:00:00.000,Tioga,5,12958,89,227159,5.95%,COUNTY
2022-09-26T00:00:00.000,Tompkins,27,24623,162,3049339,16.88%,COUNTY
2022-09-26T00:00:00.000,Ulster,33,39056,268,846889,11.34%,COUNTY
2022-09-26T00:00:00.000,Warren,11,17153,124,327524,10.00%,COUNTY
2022-09-26T00:00:00.000,Washington,14,14481,124,278897,16.07%,COUNTY
2022-09-26T00:00:00.000,Wayne,12,20256,114,370601,9.38%,COUNTY
2022-09-26T00:00:00.000,Westchester,160,304956,2041,5710475,6.80%,COUNTY
2022-09-26T00:00:00.000,Western New York,212,363036,1975,6096946,12.02%,REGION
2022-09-26T00:00:00.000,Wyoming,3,9377,31,154593,10.34%,COUNTY
2022-09-26T00:00:00.000,Yates,5,4096,48,88488,11.11%,COUNTY
2022-09-25T00:00:00.000,Albany,45,72620,504,1371453,8.74%,COUNTY
2022-09-25T00:00:00.000,Allegany,7,10129,56,244186,12.96%,COUNTY
2022-09-25T00:00:00.000,Bronx,204,463626,3324,8593091,5.32%,COUNTY
2022-09-25T00:00:00.000,Broome,27,54044,296,1152184,8.19%,COUNTY
2022-09-25T00:00:00.000,Capital Region,168,262904,1884,5128283,8.51%,REGION
2022-09-25T00:00:00.000,Cattaraugus,7,18041,89,300601,7.41%,COUNTY
2022-09-25T00:00:00.000,Cayuga,13,18890,110,384471,11.82%,COUNTY
2022-09-25T00:00:00.000,Central New York,145,212074,1230,4301225,11.72%,REGION
2022-09-25T00:00:00.000,Chautauqua,14,27498,106,521142,13.21%,COUNTY
2022-09-25T00:00:00.000,Chemung,9,24664,131,467550,7.27%,COUNTY
2022-09-25T00:00:00.000,Chenango,3,10985,61,230868,3.39%,COUNTY
2022-09-25T00:00:00.000,Clinton,21,20582,109,396971,19.42%,COUNTY
2022-09-25T00:00:00.000,Columbia,8,12599,55,248802,15.09%,COUNTY
2022-09-25T00:00:00.000,Cortland,9,12430,67,300019,13.85%,COUNTY
2022-09-25T00:00:00.000,Delaware,3,9371,43,194656,6.98%,COUNTY
2022-09-25T00:00:00.000,Dutchess,37,76978,370,1448889,10.14%,COUNTY
2022-09-25T00:00:00.000,Erie,114,251250,1178,4142205,9.53%,COUNTY
2022-09-25T00:00:00.000,Essex,4,7020,42,160951,10.26%,COUNTY
2022-09-25T00:00:00.000,Finger Lakes,120,281988,1926,5473544,6.36%,REGION
2022-09-25T00:00:00.000,Franklin,8,11218,67,211806,13.56%,COUNTY
2022-09-25T00:00:00.000,Fulton,13,15255,92,222902,16.90%,COUNTY
2022-09-25T00:00:00.000,Genesee,4,15491,84,266625,5.06%,COUNTY
2022-09-25T00:00:00.000,Greene,2,10102,62,177909,3.28%,COUNTY
2022-09-25T00:00:00.000,Hamilton,0,1008,5,19781,0.00%,COUNTY
2022-09-25T00:00:00.000,Herkimer,6,16295,37,316299,11.54%,COUNTY
2022-09-25T00:00:00.000,Jefferson,11,24422,149,392589,8.09%,COUNTY
2022-09-25T00:00:00.000,Kings,300,830679,5057,18136291,5.27%,COUNTY
2022-09-25T00:00:00.000,Lewis,2,6899,32,101681,10.00%,COUNTY
2022-09-25T00:00:00.000,Livingston,7,13392,78,279033,9.09%,COUNTY
2022-09-25T00:00:00.000,Long Island,487,1009452,5862,16401415,6.76%,REGION
2022-09-25T00:00:00.000,Madison,9,15604,94,363976,9.68%,COUNTY
2022-09-25T00:00:00.000,Mid-Hudson,334,706628,3675,13024762,8.32%,REGION
2022-09-25T00:00:00.000,Mohawk Valley,74,127926,577,2671479,13.18%,REGION
2022-09-25T00:00:00.000,Monroe,69,178613,1199,3558446,5.89%,COUNTY
2022-09-25T00:00:00.000,Montgomery,6,13947,60,218051,10.34%,COUNTY
2022-09-25T00:00:00.000,Nassau,226,496418,2668,8156368,7.51%,COUNTY
2022-09-25T00:00:00.000,New York,262,531414,4216,14072697,6.16%,COUNTY
2022-09-25T00:00:00.000,New York City,1217,2802188,19355,58703904,5.69%,REGION
2022-09-25T00:00:00.000,Niagara,21,55906,215,886837,9.60%,COUNTY
2022-09-25T00:00:00.000,North Country,53,95830,531,1893400,10.72%,REGION
2022-09-25T00:00:00.000,Oneida,35,64101,288,1491543,12.92%,COUNTY
2022-09-25T00:00:00.000,Onondaga,78,133346,774,2736253,10.03%,COUNTY
2022-09-25T00:00:00.000,Ontario,19,23938,193,466396,9.90%,COUNTY
2022-09-25T00:00:00.000,Orange,58,126342,580,1889529,8.41%,COUNTY
2022-09-25T00:00:00.000,Orleans,5,9848,50,154375,10.00%,COUNTY
2022-09-25T00:00:00.000,Oswego,36,31804,185,516506,19.02%,COUNTY
2022-09-25T00:00:00.000,Otsego,10,12286,78,304498,11.84%,COUNTY
2022-09-25T00:00:00.000,Putnam,13,28625,180,476106,6.86%,COUNTY
2022-09-25T00:00:00.000,Queens,358,782456,5339,14308136,5.99%,COUNTY
2022-09-25T00:00:00.000,Rensselaer,36,38654,282,857026,12.64%,COUNTY
2022-09-25T00:00:00.000,Richmond,93,194013,1419,3593689,5.67%,COUNTY
2022-09-25T00:00:00.000,Rockland,38,108680,384,2292485,9.27%,COUNTY
2022-09-25T00:00:00.000,STATEWIDE,2829,6025962,37435,119575838,7.10%,STATEWIDE
2022-09-25T00:00:00.000,Saratoga,37,56895,490,1050362,6.55%,COUNTY
2022-09-25T00:00:00.000,Schenectady,24,40425,241,816558,9.44%,COUNTY
2022-09-25T00:00:00.000,Schoharie,4,6042,22,118186,18.18%,COUNTY
2022-09-25T00:00:00.000,Schuyler,1,4062,13,96244,8.33%,COUNTY
2022-09-25T00:00:00.000,Seneca,1,6997,40,135180,2.50%,COUNTY
2022-09-25T00:00:00.000,Southern Tier,68,164148,751,5882855,8.83%,REGION
2022-09-25T00:00:00.000,St. Lawrence,7,24681,127,609621,5.65%,COUNTY
2022-09-25T00:00:00.000,Steuben,9,23473,98,465106,9.68%,COUNTY
2022-09-25T00:00:00.000,Suffolk,261,513034,3194,8245047,6.12%,COUNTY
2022-09-25T00:00:00.000,Sullivan,13,22184,129,362698,7.56%,COUNTY
2022-09-25T00:00:00.000,Tioga,10,12953,50,227070,20.83%,COUNTY
2022-09-25T00:00:00.000,Tompkins,6,24596,59,3049177,10.71%,COUNTY
2022-09-25T00:00:00.000,Ulster,40,39023,264,846621,16.39%,COUNTY
2022-09-25T00:00:00.000,Warren,12,17142,145,327400,6.31%,COUNTY
2022-09-25T00:00:00.000,Washington,4,14467,105,278773,4.35%,COUNTY
2022-09-25T00:00:00.000,Wayne,10,20244,158,370487,5.88%,COUNTY
2022-09-25T00:00:00.000,Westchester,135,304796,1768,5708434,6.60%,COUNTY
2022-09-25T00:00:00.000,Western New York,163,362824,1644,6094971,9.79%,REGION
2022-09-25T00:00:00.000,Wyoming,3,9374,30,154562,10.00%,COUNTY
2022-09-25T00:00:00.000,Yates,2,4091,94,88440,1.52%,COUNTY
2022-09-24T00:00:00.000,Albany,48,72575,488,1370949,9.87%,COUNTY
2022-09-24T00:00:00.000,Allegany,7,10122,73,244130,8.33%,COUNTY
2022-09-24T00:00:00.000,Bronx,249,463422,4361,8589767,5.48%,COUNTY
2022-09-24T00:00:00.000,Broome,39,54017,446,1151888,8.20%,COUNTY
2022-09-24T00:00:00.000,Capital Region,195,262736,2048,5126399,9.67%,REGION
2022-09-24T00:00:00.000,Cattaraugus,14,18034,128,300512,12.28%,COUNTY
2022-09-24T00:00:00.000,Cayuga,21,18877,271,384361,9.25%,COUNTY
2022-09-24T00:00:00.000,Central New York,310,211929,2946,4299995,10.90%,REGION
2022-09-24T00:00:00.000,Chautauqua,17,27484,137,521036,12.31%,COUNTY
2022-09-24T00:00:00.000,Chemung,12,24655,245,467419,5.70%,COUNTY
2022-09-24T00:00:00.000,Chenango,8,10982,93,230807,8.70%,COUNTY
2022-09-24T00:00:00.000,Clinton,21,20561,184,396862,11.95%,COUNTY
2022-09-24T00:00:00.000,Columbia,16,12591,87,248747,19.75%,COUNTY
2022-09-24T00:00:00.000,Cortland,20,12421,151,299952,14.49%,COUNTY
2022-09-24T00:00:00.000,Delaware,8,9368,98,194613,8.70%,COUNTY
2022-09-24T00:00:00.000,Dutchess,48,76941,467,1448519,10.02%,COUNTY
2022-09-24T00:00:00.000,Erie,191,251136,1697,4141027,11.12%,COUNTY
2022-09-24T00:00:00.000,Essex,5,7016,112,160909,2.60%,COUNTY
2022-09-24T00:00:00.000,Finger Lakes,212,281868,2897,5471618,7.50%,REGION
2022-09-24T00:00:00.000,Franklin,8,11210,111,211739,7.69%,COUNTY
2022-09-24T00:00:00.000,Fulton,19,15242,115,222810,15.93%,COUNTY
2022-09-24T00:00:00.000,Genesee,10,15487,105,266541,9.80%,COUNTY
2022-09-24T00:00:00.000,Greene,3,10100,68,177847,4.69%,COUNTY
2022-09-24T00:00:00.000,Hamilton,0,1008,18,19776,0.00%,COUNTY
2022-09-24T00:00:00.000,Herkimer,20,16289,195,316262,12.82%,COUNTY
2022-09-24T00:00:00.000,Jefferson,32,24411,199,392440,12.80%,COUNTY
2022-09-24T00:00:00.000,Kings,439,830379,9649,18131234,4.12%,COUNTY
2022-09-24T00:00:00.000,Lewis,3,6897,46,101649,10.34%,COUNTY
2022-09-24T00:00:00.000,Livingston,11,13385,122,278955,9.91%,COUNTY
2022-09-24T00:00:00.000,Long Island,686,1008965,8731,16395553,6.58%,REGION
2022-09-24T00:00:00.000,Madison,10,15595,115,363882,9.09%,COUNTY
2022-09-24T00:00:00.000,Mid-Hudson,392,706294,5700,13021087,6.63%,REGION
2022-09-24T00:00:00.000,Mohawk Valley,125,127852,1328,2670902,11.12%,REGION
2022-09-24T00:00:00.000,Monroe,123,178544,1779,3557247,7.28%,COUNTY
2022-09-24T00:00:00.000,Montgomery,17,13941,174,217991,13.98%,COUNTY
2022-09-24T00:00:00.000,Nassau,323,496192,4158,8153700,6.71%,COUNTY
2022-09-24T00:00:00.000,New York,366,531152,7315,14068481,4.80%,COUNTY
2022-09-24T00:00:00.000,New York City,1561,2800971,30642,58684549,4.64%,REGION
2022-09-24T00:00:00.000,Niagara,23,55885,311,886622,10.27%,COUNTY
2022-09-24T00:00:00.000,North Country,97,95777,913,1892869,10.19%,REGION
2022-09-24T00:00:00.000,Oneida,56,64066,662,1491255,10.57%,COUNTY
2022-09-24T00:00:00.000,Onondaga,223,133268,2149,2735479,10.62%,COUNTY
2022-09-24T00:00:00.000,Ontario,19,23919,293,466203,6.96%,COUNTY
2022-09-24T00:00:00.000,Orange,70,126284,911,1888949,6.45%,COUNTY
2022-09-24T00:00:00.000,Orleans,9,9843,80,154325,8.00%,COUNTY
2022-09-24T00:00:00.000,Oswego,36,31768,260,516321,13.44%,COUNTY
2022-09-24T00:00:00.000,Otsego,8,12276,130,304420,5.60%,COUNTY
2022-09-24T00:00:00.000,Putnam,13,28612,209,475926,6.42%,COUNTY
2022-09-24T00:00:00.000,Queens,418,782098,7716,14302797,4.59%,COUNTY
2022-09-24T00:00:00.000,Rensselaer,36,38618,275,856744,13.33%,COUNTY
2022-09-24T00:00:00.000,Richmond,89,193920,1601,3592270,5.10%,COUNTY
2022-09-24T00:00:00.000,Rockland,58,108642,1019,2292101,5.29%,COUNTY
2022-09-24T00:00:00.000,STATEWIDE,3966,6023133,59302,119538403,6.39%,STATEWIDE
2022-09-24T00:00:00.000,Saratoga,39,56858,470,1049872,7.82%,COUNTY
2022-09-24T00:00:00.000,Schenectady,27,40401,254,816317,11.02%,COUNTY
2022-09-24T00:00:00.000,Schoharie,5,6038,52,118164,10.00%,COUNTY
2022-09-24T00:00:00.000,Schuyler,4,4061,89,96231,4.82%,COUNTY
2022-09-24T00:00:00.000,Seneca,14,6996,113,135140,12.96%,COUNTY
2022-09-24T00:00:00.000,Southern Tier,136,164080,1751,5882104,7.75%,REGION
2022-09-24T00:00:00.000,St. Lawrence,28,24674,243,609494,11.39%,COUNTY
2022-09-24T00:00:00.000,Steuben,32,23464,353,465008,8.87%,COUNTY
2022-09-24T00:00:00.000,Suffolk,363,512773,4573,8241853,6.45%,COUNTY
2022-09-24T00:00:00.000,Sullivan,10,22171,191,362569,6.37%,COUNTY
2022-09-24T00:00:00.000,Tioga,10,12943,142,227020,7.25%,COUNTY
2022-09-24T00:00:00.000,Tompkins,23,24590,285,3049118,8.16%,COUNTY
2022-09-24T00:00:00.000,Ulster,26,38983,352,846357,7.07%,COUNTY
2022-09-24T00:00:00.000,Warren,18,17130,241,327255,6.49%,COUNTY
2022-09-24T00:00:00.000,Washington,8,14463,165,278668,5.43%,COUNTY
2022-09-24T00:00:00.000,Wayne,19,20234,270,370329,6.64%,COUNTY
2022-09-24T00:00:00.000,Westchester,167,304661,2551,5706666,6.54%,COUNTY
2022-09-24T00:00:00.000,Western New York,252,362661,2346,6093327,11.07%,REGION
2022-09-24T00:00:00.000,Wyoming,2,9371,70,154532,1.49%,COUNTY
2022-09-24T00:00:00.000,Yates,5,4089,65,88346,7.32%,COUNTY
2022-09-23T00:00:00.000,Albany,59,72527,640,1370461,9.31%,COUNTY
2022-09-23T00:00:00.000,Allegany,9,10115,92,244057,12.33%,COUNTY
2022-09-23T00:00:00.000,Bronx,353,463173,5804,8585406,5.55%,COUNTY
2022-09-23T00:00:00.000,Broome,53,53978,516,1151442,10.32%,COUNTY
2022-09-23T00:00:00.000,Capital Region,297,262541,2807,5124351,11.00%,REGION
2022-09-23T00:00:00.000,Cattaraugus,25,18020,143,300384,17.43%,COUNTY
2022-09-23T00:00:00.000,Cayuga,13,18856,203,384090,8.28%,COUNTY
2022-09-23T00:00:00.000,Central New York,247,211619,2430,4297049,10.48%,REGION
2022-09-23T00:00:00.000,Chautauqua,7,27467,126,520899,5.04%,COUNTY
2022-09-23T00:00:00.000,Chemung,21,24643,270,467174,7.57%,COUNTY
2022-09-23T00:00:00.000,Chenango,13,10974,138,230714,8.00%,COUNTY
2022-09-23T00:00:00.000,Clinton,24,20540,168,396678,13.67%,COUNTY
2022-09-23T00:00:00.000,Columbia,25,12575,152,248660,16.78%,COUNTY
2022-09-23T00:00:00.000,Cortland,9,12401,114,299801,7.89%,COUNTY
2022-09-23T00:00:00.000,Delaware,8,9360,104,194515,7.92%,COUNTY
2022-09-23T00:00:00.000,Dutchess,78,76893,543,1448052,15.58%,COUNTY
2022-09-23T00:00:00.000,Erie,155,250945,1593,4139330,9.79%,COUNTY
2022-09-23T00:00:00.000,Essex,7,7011,89,160797,11.11%,COUNTY
2022-09-23T00:00:00.000,Finger Lakes,209,281656,3307,5468721,7.05%,REGION
2022-09-23T00:00:00.000,Franklin,8,11202,180,211628,4.82%,COUNTY
2022-09-23T00:00:00.000,Fulton,22,15223,150,222695,17.31%,COUNTY
2022-09-23T00:00:00.000,Genesee,15,15477,211,266436,6.53%,COUNTY
2022-09-23T00:00:00.000,Greene,42,10097,133,177779,32.06%,COUNTY
2022-09-23T00:00:00.000,Hamilton,0,1008,9,19758,0.00%,COUNTY
2022-09-23T00:00:00.000,Herkimer,19,16269,179,316067,15.96%,COUNTY
2022-09-23T00:00:00.000,Jefferson,23,24379,313,392241,6.41%,COUNTY
2022-09-23T00:00:00.000,Kings,553,829940,14797,18121585,3.23%,COUNTY
2022-09-23T00:00:00.000,Lewis,3,6894,53,101603,4.17%,COUNTY
2022-09-23T00:00:00.000,Livingston,12,13374,122,278833,11.21%,COUNTY
2022-09-23T00:00:00.000,Long Island,901,1008279,9887,16386822,8.07%,REGION
2022-09-23T00:00:00.000,Madison,19,15585,161,363767,11.11%,COUNTY
2022-09-23T00:00:00.000,Mid-Hudson,537,705902,12286,13015387,3.86%,REGION
2022-09-23T00:00:00.000,Mohawk Valley,158,127727,1754,2669574,13.04%,REGION
2022-09-23T00:00:00.000,Monroe,119,178421,1931,3555468,7.12%,COUNTY
2022-09-23T00:00:00.000,Montgomery,20,13924,210,217817,13.01%,COUNTY
2022-09-23T00:00:00.000,Nassau,440,495869,4884,8149542,8.66%,COUNTY
2022-09-23T00:00:00.000,New York,372,530786,8649,14061166,4.24%,COUNTY
2022-09-23T00:00:00.000,New York City,2063,2799410,40597,58653907,4.54%,REGION
2022-09-23T00:00:00.000,Niagara,43,55862,272,886311,17.27%,COUNTY
2022-09-23T00:00:00.000,North Country,98,95680,1067,1891956,9.51%,REGION
2022-09-23T00:00:00.000,Oneida,83,64010,879,1490593,14.70%,COUNTY
2022-09-23T00:00:00.000,Onondaga,161,133045,1610,2733330,10.17%,COUNTY
2022-09-23T00:00:00.000,Ontario,22,23900,370,465910,7.24%,COUNTY
2022-09-23T00:00:00.000,Orange,85,126214,2227,1888038,3.62%,COUNTY
2022-09-23T00:00:00.000,Orleans,7,9834,78,154245,4.69%,COUNTY
2022-09-23T00:00:00.000,Oswego,45,31732,342,516061,13.71%,COUNTY
2022-09-23T00:00:00.000,Otsego,9,12268,264,304290,6.29%,COUNTY
2022-09-23T00:00:00.000,Putnam,32,28599,275,475717,12.50%,COUNTY
2022-09-23T00:00:00.000,Queens,636,781680,9361,14295081,6.14%,COUNTY
2022-09-23T00:00:00.000,Rensselaer,47,38582,366,856469,13.45%,COUNTY
2022-09-23T00:00:00.000,Richmond,149,193831,1986,3590669,6.36%,COUNTY
